{
  "umbral_isolation_forest": -0.050424390591987917,
  "umbral_autoencoder": 10969.743376227547
}